{"cameraMode":{"drawMode":0,"name":"Shaded","section":"Shading Mode"},"sceneLighting":true,"audioPlay":false,"sceneViewState":{"showFog":true,"showMaterialUpdate":false,"showSkybox":true,"showFlares":true,"showImageEffects":true,"showParticleSystems":true},"in2DMode":false,"pivot":{"x":4.0863752365112309,"y":5.602416038513184,"z":-8.462615966796875},"rotation":{"x":0.06608296185731888,"y":-0.15058420598506928,"z":0.010087578557431698,"w":0.9863384962081909},"size":6.1045637130737309,"orthographic":false}