{"cameraMode":{"drawMode":0,"name":"Shaded","section":"Shading Mode"},"sceneLighting":true,"audioPlay":false,"sceneViewState":{"showFog":true,"showMaterialUpdate":false,"showSkybox":true,"showFlares":true,"showImageEffects":true,"showParticleSystems":true},"in2DMode":false,"pivot":{"x":-11.819737434387207,"y":-8.573027610778809,"z":18.916522979736329},"rotation":{"x":0.1963416486978531,"y":-0.21223890781402589,"z":0.04357592388987541,"w":0.9562991261482239},"size":25.13226318359375,"orthographic":false}