{"cameraMode":{"drawMode":0,"name":"Shaded","section":"Shading Mode"},"sceneLighting":true,"audioPlay":false,"sceneViewState":{"showFog":true,"showMaterialUpdate":false,"showSkybox":true,"showFlares":true,"showImageEffects":true,"showParticleSystems":true},"in2DMode":false,"pivot":{"x":16.797128677368165,"y":-12.834473609924317,"z":0.5631325840950012},"rotation":{"x":-0.1723327934741974,"y":-0.8247177600860596,"z":0.3404562175273895,"w":-0.41748204827308657},"size":49.611576080322269,"orthographic":false}