{"cameraMode":{"drawMode":0,"name":"Shaded","section":"Shading Mode"},"sceneLighting":false,"audioPlay":false,"sceneViewState":{"showFog":true,"showMaterialUpdate":false,"showSkybox":false,"showFlares":true,"showImageEffects":true,"showParticleSystems":true},"in2DMode":false,"pivot":{"x":-4.277838230133057,"y":0.22023528814315797,"z":5.037641525268555},"rotation":{"x":0.1937391608953476,"y":0.019132068380713464,"z":-0.0037497547455132009,"w":0.9809051752090454},"size":1.6166634559631348,"orthographic":false}