{"cameraMode":{"drawMode":0,"name":"Shaded","section":"Shading Mode"},"sceneLighting":true,"audioPlay":false,"sceneViewState":{"showFog":true,"showMaterialUpdate":false,"showSkybox":true,"showFlares":true,"showImageEffects":true,"showParticleSystems":true},"in2DMode":false,"pivot":{"x":0.8290613293647766,"y":2.7743513584136965,"z":-4.536612033843994},"rotation":{"x":-0.24249906837940217,"y":0.13766643404960633,"z":-0.03484267368912697,"w":-0.9597430229187012},"size":6.5716423988342289,"orthographic":false}