{"cameraMode":{"drawMode":0,"name":"Shaded","section":"Shading Mode"},"sceneLighting":true,"audioPlay":false,"sceneViewState":{"showFog":true,"showMaterialUpdate":false,"showSkybox":true,"showFlares":true,"showImageEffects":true,"showParticleSystems":true},"in2DMode":false,"pivot":{"x":-5.756587982177734,"y":-5.900317192077637,"z":4.740566253662109},"rotation":{"x":0.2549363672733307,"y":-0.5590844750404358,"z":0.18593281507492066,"w":0.7668091058731079},"size":18.82176399230957,"orthographic":false}