{"cameraMode":{"drawMode":0,"name":"Shaded","section":"Shading Mode"},"sceneLighting":false,"audioPlay":false,"sceneViewState":{"showFog":true,"showMaterialUpdate":false,"showSkybox":false,"showFlares":true,"showImageEffects":true,"showParticleSystems":true},"in2DMode":false,"pivot":{"x":-4.590000152587891,"y":0.16499999165534974,"z":4.802000045776367},"rotation":{"x":0.2509770691394806,"y":-0.5750483274459839,"z":0.19123171269893647,"w":0.7548828125},"size":1.6166633367538453,"orthographic":false}